Event Description,Value
Conference empowering women through talks workshops and networking opportunities,1
An exhibition featuring latest trends and use cases in blockchain technology,1
Summit exploring artificial intelligence applications in healthcare and finance,1
Workshop teaching entrepreneurs how to build successful SaaS businesses,1
Hackathon bringing developers together to create solutions for climate change,1
Seminar on cybersecurity best practices for small and medium enterprises,1
Panel discussion about the future of quantum computing and its implications,1
Training session on digital marketing strategies for e-commerce businesses,1
Symposium examining the ethical implications of machine learning algorithms,1
Bootcamp for learning full-stack web development in eight intensive weeks,1
Leadership conference focusing on building inclusive and diverse workplaces,1
Networking event connecting startups with potential investors and mentors,1
Sales training workshop teaching advanced negotiation and closing techniques,1
Executive retreat for strategic planning and team building activities,1
Trade show showcasing innovative solutions for supply chain management,1
Masterclass on personal branding and thought leadership in digital age,1
Forum discussing sustainable business practices and corporate social responsibility,1
Career fair connecting recent graduates with entry-level job opportunities,1
Pitch competition where entrepreneurs present ideas to venture capitalists,1
Workshop on project management methodologies for remote teams,1
Wellness retreat combining yoga meditation and mindfulness practices,1
Medical conference presenting breakthrough research in cancer treatment,1
Fitness expo featuring new equipment nutrition products and workout programs,1
Mental health awareness seminar addressing workplace stress and burnout,1
Nutrition workshop teaching meal planning for busy professionals,1
Healthcare innovation summit exploring telemedicine and digital health solutions,1
Marathon training program preparing runners for their first 26.2-mile race,1
Wellness fair promoting healthy lifestyle choices and preventive care,1
Workshop on stress management techniques for healthcare workers,1
Conference on pediatric medicine and child development best practices,1
Art exhibition showcasing contemporary works from emerging local artists,1
Music festival celebrating jazz blues and soul music traditions,1
Film screening and discussion about independent cinema and storytelling,1
Literary festival featuring author readings book signings and writing workshops,1
Dance performance combining traditional and modern choreographic styles,1
Photography workshop teaching landscape and portrait shooting techniques,1
Theater production exploring themes of identity and social justice,1
Craft fair highlighting handmade goods from local artisans and makers,1
Cultural celebration showcasing food music and traditions from various countries,1
Poetry slam competition encouraging spoken word and creative expression,1
Educational conference on innovative teaching methods and classroom technology,1
Science fair encouraging students to explore STEM subjects through experiments,1
Language immersion program for adults learning conversational Spanish,1
Academic symposium on climate change research and environmental policy,1
Coding bootcamp for children aged 8-16 learning programming fundamentals,1
Professional development workshop for teachers on inclusive education practices,1
Research presentation on archaeological discoveries in ancient civilizations,1
Study abroad information session for college students exploring global opportunities,1
Adult education class on financial literacy and retirement planning,1
Workshop on effective study techniques and time management for students,1
Wine tasting event featuring selections from boutique vineyards worldwide,1
Cooking class teaching authentic Italian pasta-making techniques,1
Food truck festival showcasing diverse cuisines from local mobile vendors,1
Beer brewing workshop for beginners interested in craft brewing,1
Farm-to-table dinner highlighting seasonal ingredients from local producers,1
Culinary competition where chefs create dishes using mystery ingredients,1
Coffee cupping session exploring single-origin beans and brewing methods,1
Baking masterclass focused on French pastry techniques and presentation,1
Cheese and charcuterie pairing event with expert sommelier guidance,1
Sustainable eating workshop promoting plant-based nutrition and cooking,1
Marathon event bringing together thousands of runners for charitable causes,1
Golf tournament raising funds for local youth development programs,1
Cycling race through scenic mountain trails and challenging terrain,1
Tennis clinic teaching proper technique and strategy to amateur players,1
Swimming competition featuring athletes from high schools across the region,1
Rock climbing workshop for beginners learning safety and basic techniques,1
Triathlon training camp preparing athletes for multi-sport endurance events,1
Basketball skills development program for young players aged 10-16,1
Hiking expedition exploring national park trails and wildlife observation,1
Sailing regatta featuring competitive races and recreational boating activities,1
Volunteer appreciation dinner honoring community service contributions,1
Fundraising gala supporting local homeless shelter and food bank,1
Community garden project teaching sustainable agriculture and food security,1
Town hall meeting discussing local infrastructure and development plans,1
Charity walk raising awareness and funds for mental health research,1
Environmental cleanup event focusing on beach and park conservation,1
Senior center program offering technology training for older adults,1
Youth mentorship program connecting teenagers with professional role models,1
Disaster preparedness workshop teaching emergency response and safety planning,1
Voter registration drive encouraging civic participation and democratic engagement,1
Fashion show highlighting sustainable clothing and ethical manufacturing practices,1
Beauty workshop teaching skincare routines and makeup application techniques,1
Interior design seminar on creating functional and aesthetically pleasing spaces,1
Vintage market featuring clothing accessories and home decor items,1
Personal styling consultation helping individuals develop their signature look,1
Sustainable living workshop on reducing waste and environmental impact,1
Wedding planning expo showcasing vendors and services for engaged couples,1
Home organization masterclass teaching decluttering and storage solutions,1
Gardening workshop on growing herbs and vegetables in small spaces,1
Lifestyle retreat focusing on work-life balance and personal fulfillment,1
Investment seminar teaching portfolio diversification and risk management strategies,1
Real estate workshop for first-time homebuyers navigating the market,1
Cryptocurrency conference exploring digital assets and blockchain investment opportunities,1
Retirement planning session addressing 401k optimization and pension strategies,1
Small business financing workshop connecting entrepreneurs with lending resources,1
Tax preparation seminar explaining deductions and filing requirements,1
Stock market analysis course teaching fundamental and technical analysis,1
Financial literacy program for high school students learning money management,1
Estate planning workshop covering wills trusts and inheritance strategies,1
Entrepreneurship accelerator program mentoring startup founders through business development,1
