sentence,datetime
"The deadline is Monday July 21, 2025 at 5:13 PM.",2025-07-21 17:13:40
"The class begins at Friday June 27, 2025 at 12:34 PM.",2025-06-27 12:34:40
"The deadline is Friday June 20, 2025 at 10:46 PM.",2025-06-20 22:46:40
"The class begins at Monday June 02, 2025 at 12:11 PM.",2025-06-02 12:11:40
"Catch you around Friday June 20, 2025 at 9:47 AM.",2025-06-20 9:47:40
"Our appointment is on Sunday June 29, 2025 at 11:02 AM.",2025-06-29 11:02:40
"I have an interview on Friday June 27, 2025 at 2:19 AM.",2025-06-27 2:19:40
"We will meet on Sunday July 13, 2025 at 4:53 PM.",2025-07-13 16:53:40
"The class begins at Friday June 20, 2025 at 12:05 AM.",2025-06-20 0:05:40
"Catch you around Friday July 04, 2025 at 11:15 AM.",2025-07-04 11:15:40
"Iâll see you at Tuesday June 24, 2025 at 5:26 PM.",2025-06-24 17:26:40
"Iâll see you at Thursday June 26, 2025 at 1:08 AM.",2025-06-26 1:08:40
"She left early on Wednesday June 25, 2025 at 5:46 PM.",2025-06-25 17:46:40
"We will meet on Thursday July 24, 2025 at 4:41 AM.",2025-07-24 4:41:40
"The class begins at Sunday July 06, 2025 at 1:41 PM.",2025-07-06 13:41:40
"Our appointment is on Tuesday July 01, 2025 at 4:24 AM.",2025-07-01 4:24:40
"Weâre flying to Delhi on Friday July 18, 2025 at 6:58 PM.",2025-07-18 18:58:40
"We will meet on Sunday June 22, 2025 at 1:45 PM.",2025-06-22 13:45:40
"Our appointment is on Monday July 14, 2025 at 1:36 PM.",2025-07-14 13:36:40
"Weâre flying to Delhi on Thursday June 05, 2025 at 3:23 PM.",2025-06-05 15:23:40
"The meeting is scheduled for Tuesday July 22, 2025 at 7:21 AM.",2025-07-22 7:21:40
"The meeting is scheduled for Saturday July 19, 2025 at 7:02 PM.",2025-07-19 19:02:40
"We will meet on Monday July 14, 2025 at 10:58 AM.",2025-07-14 10:58:40
"Letâs have dinner on Monday June 09, 2025 at 9:13 AM.",2025-06-09 9:13:40
"Iâll see you at Friday July 11, 2025 at 1:10 AM.",2025-07-11 1:10:40
"Thereâs a match at Tuesday June 10, 2025 at 9:53 PM.",2025-06-10 21:53:40
"The deadline is Thursday June 26, 2025 at 8:08 AM.",2025-06-26 8:08:40
"She left early on Friday June 27, 2025 at 11:09 PM.",2025-06-27 23:09:40
"The event starts at Sunday July 13, 2025 at 3:26 PM.",2025-07-13 15:26:40
"The meeting is scheduled for Wednesday July 30, 2025 at 4:00 AM.",2025-07-30 4:00:40
"The meeting is scheduled for Friday July 18, 2025 at 12:40 PM.",2025-07-18 12:40:40
"Our appointment is on Sunday June 29, 2025 at 5:56 PM.",2025-06-29 17:56:40
"The deadline is Tuesday July 22, 2025 at 2:09 PM.",2025-07-22 14:09:40
"Thereâs a match at Monday July 07, 2025 at 4:59 PM.",2025-07-07 16:59:40
"Thereâs a match at Sunday July 13, 2025 at 11:27 PM.",2025-07-13 23:27:40
"Iâll see you at Thursday June 19, 2025 at 7:09 AM.",2025-06-19 7:09:40
"Weâre flying to Delhi on Tuesday July 08, 2025 at 10:46 PM.",2025-07-08 22:46:40
"We will meet on Saturday July 26, 2025 at 5:19 AM.",2025-07-26 5:19:40
"The class begins at Thursday July 24, 2025 at 4:14 AM.",2025-07-24 4:14:40
"The class begins at Thursday July 10, 2025 at 3:49 PM.",2025-07-10 15:49:40
"We will meet on Wednesday June 18, 2025 at 8:11 PM.",2025-06-18 20:11:40
"The event starts at Tuesday June 24, 2025 at 8:39 PM.",2025-06-24 20:39:40
"Weâre flying to Delhi on Wednesday June 18, 2025 at 12:22 AM.",2025-06-18 0:22:40
"I have an interview on Sunday June 15, 2025 at 9:03 PM.",2025-06-15 21:03:40
"Catch you around Sunday June 01, 2025 at 12:50 AM.",2025-06-01 0:50:40
"Can we talk around Sunday July 13, 2025 at 2:17 AM?",2025-07-13 2:17:40
"We will meet on Wednesday July 02, 2025 at 7:42 AM.",2025-07-02 7:42:40
"Weâre flying to Delhi on Monday June 16, 2025 at 3:18 AM.",2025-06-16 3:18:40
"The event starts at Thursday June 26, 2025 at 5:25 PM.",2025-06-26 17:25:40
"Iâll see you at Tuesday June 03, 2025 at 4:56 PM.",2025-06-03 16:56:40
"Thereâs a match at Tuesday June 17, 2025 at 12:54 PM.",2025-06-17 12:54:40
"Our appointment is on Wednesday July 23, 2025 at 12:30 PM.",2025-07-23 12:30:40
"I have an interview on Friday June 20, 2025 at 5:47 AM.",2025-06-20 5:47:40
"The class begins at Thursday July 31, 2025 at 8:09 AM.",2025-07-31 8:09:40
"Iâll see you at Saturday July 12, 2025 at 9:13 AM.",2025-07-12 9:13:40
"I have an interview on Thursday June 12, 2025 at 12:30 AM.",2025-06-12 0:30:40
"The meeting is scheduled for Wednesday July 09, 2025 at 9:19 AM.",2025-07-09 9:19:40
"The event starts at Monday July 14, 2025 at 3:18 PM.",2025-07-14 15:18:40
"The deadline is Friday June 20, 2025 at 1:47 PM.",2025-06-20 13:47:40
"The event starts at Monday July 21, 2025 at 10:26 PM.",2025-07-21 22:26:40
"Iâll see you at Monday June 16, 2025 at 3:03 AM.",2025-06-16 3:03:40
"Letâs connect on Sunday June 08, 2025 at 6:35 PM.",2025-06-08 18:35:40
"The class begins at Sunday July 20, 2025 at 12:51 PM.",2025-07-20 12:51:40
"The meeting is scheduled for Wednesday June 18, 2025 at 11:11 PM.",2025-06-18 23:11:40
"We will meet on Monday June 30, 2025 at 2:28 AM.",2025-06-30 2:28:40
"Thereâs a match at Monday June 16, 2025 at 11:09 AM.",2025-06-16 11:09:40
"Weâre flying to Delhi on Wednesday July 09, 2025 at 12:41 PM.",2025-07-09 12:41:40
"The meeting is scheduled for Tuesday June 24, 2025 at 6:53 AM.",2025-06-24 6:53:40
"The event starts at Tuesday July 01, 2025 at 1:59 AM.",2025-07-01 1:59:40
"The meeting is scheduled for Wednesday July 16, 2025 at 12:51 AM.",2025-07-16 0:51:40
"Thereâs a match at Monday June 02, 2025 at 10:33 PM.",2025-06-02 22:33:40
"The event starts at Tuesday July 08, 2025 at 4:05 PM.",2025-07-08 16:05:40
"Our appointment is on Sunday June 29, 2025 at 3:21 AM.",2025-06-29 3:21:40
"The event starts at Thursday July 17, 2025 at 1:23 PM.",2025-07-17 13:23:40
"We will meet on Wednesday June 04, 2025 at 1:16 PM.",2025-06-04 13:16:40
"The class begins at Thursday June 26, 2025 at 7:35 AM.",2025-06-26 7:35:40
"The meeting is scheduled for Monday July 07, 2025 at 8:46 AM.",2025-07-07 8:46:40
"I have an interview on Monday July 07, 2025 at 4:50 PM.",2025-07-07 16:50:40
"Letâs connect on Friday June 20, 2025 at 7:43 PM.",2025-06-20 19:43:40
"Iâll see you at Tuesday July 22, 2025 at 3:34 AM.",2025-07-22 3:34:40
"The event starts at Friday July 18, 2025 at 4:59 AM.",2025-07-18 4:59:40
"The class begins at Friday July 04, 2025 at 3:36 PM.",2025-07-04 15:36:40
"The deadline is Saturday July 05, 2025 at 11:27 PM.",2025-07-05 23:27:40
"She left early on Tuesday June 17, 2025 at 1:53 PM.",2025-06-17 13:53:40
"Can we talk around Wednesday July 23, 2025 at 2:59 AM?",2025-07-23 2:59:40
"Letâs have dinner on Sunday June 29, 2025 at 12:18 AM.",2025-06-29 0:18:40
"We will meet on Thursday June 26, 2025 at 2:35 PM.",2025-06-26 14:35:40
"I have an interview on Wednesday June 18, 2025 at 5:27 PM.",2025-06-18 17:27:40
"Letâs connect on Tuesday June 03, 2025 at 6:45 AM.",2025-06-03 6:45:40
"Catch you around Thursday June 05, 2025 at 5:52 PM.",2025-06-05 17:52:40
"We will meet on Monday July 07, 2025 at 10:58 PM.",2025-07-07 22:58:40
"Letâs have dinner on Wednesday June 18, 2025 at 8:09 PM.",2025-06-18 20:09:40
"Letâs have dinner on Tuesday July 22, 2025 at 4:07 AM.",2025-07-22 4:07:40
"She left early on Tuesday June 10, 2025 at 3:26 AM.",2025-06-10 3:26:40
"Thereâs a match at Sunday July 13, 2025 at 5:02 AM.",2025-07-13 5:02:40
"The class begins at Friday July 11, 2025 at 4:36 PM.",2025-07-11 16:36:40
"Thereâs a match at Friday July 18, 2025 at 5:45 PM.",2025-07-18 17:45:40
"Letâs connect on Wednesday July 16, 2025 at 10:25 AM.",2025-07-16 10:25:40
"Our appointment is on Monday June 02, 2025 at 4:06 AM.",2025-06-02 4:06:40
"We will meet on Sunday June 29, 2025 at 10:06 AM.",2025-06-29 10:06:40
"Can we talk around Saturday May 31, 2025 at 10:51 AM?",2025-05-31 10:51:40
"Letâs have dinner on Sunday June 01, 2025 at 8:18 PM.",2025-06-01 20:18:40
"Weâre flying to Delhi on Monday June 02, 2025 at 12:12 PM.",2025-06-02 12:12:40
"The class begins at Sunday June 08, 2025 at 11:11 AM.",2025-06-08 11:11:40
"The class begins at Friday July 18, 2025 at 1:49 PM.",2025-07-18 13:49:40
"Letâs connect on Sunday July 20, 2025 at 7:26 PM.",2025-07-20 19:26:40
"Thereâs a match at Tuesday July 01, 2025 at 10:43 AM.",2025-07-01 10:43:40
"The deadline is Wednesday July 30, 2025 at 6:40 AM.",2025-07-30 6:40:40
"She left early on Monday June 30, 2025 at 4:26 AM.",2025-06-30 4:26:40
"Letâs have dinner on Tuesday July 22, 2025 at 3:31 AM.",2025-07-22 3:31:40
"Can we talk around Monday July 28, 2025 at 1:17 PM?",2025-07-28 13:17:40
"The meeting is scheduled for Wednesday July 02, 2025 at 6:30 AM.",2025-07-02 6:30:40
"Letâs have dinner on Tuesday June 10, 2025 at 9:12 PM.",2025-06-10 21:12:40
"She left early on Friday June 06, 2025 at 3:09 PM.",2025-06-06 15:09:40
"The deadline is Wednesday July 16, 2025 at 3:34 AM.",2025-07-16 3:34:40
"The event starts at Sunday July 13, 2025 at 5:41 AM.",2025-07-13 5:41:40
"Letâs connect on Monday July 07, 2025 at 6:12 PM.",2025-07-07 18:12:40
"The meeting is scheduled for Thursday June 19, 2025 at 1:47 AM.",2025-06-19 1:47:40
"Iâll see you at Thursday July 03, 2025 at 1:45 PM.",2025-07-03 13:45:40
"Thereâs a match at Sunday June 15, 2025 at 11:33 AM.",2025-06-15 11:33:40
"She left early on Friday June 06, 2025 at 11:37 PM.",2025-06-06 23:37:40
"She left early on Friday July 25, 2025 at 12:06 PM.",2025-07-25 12:06:40
"Letâs have dinner on Friday June 27, 2025 at 7:47 AM.",2025-06-27 7:47:40
"Letâs connect on Wednesday June 11, 2025 at 4:13 AM.",2025-06-11 4:13:40
"She left early on Saturday June 28, 2025 at 6:09 PM.",2025-06-28 18:09:40
"Iâll see you at Wednesday July 16, 2025 at 3:33 AM.",2025-07-16 3:33:40
"Letâs connect on Wednesday June 25, 2025 at 7:15 PM.",2025-06-25 19:15:40
"The deadline is Tuesday June 10, 2025 at 4:15 AM.",2025-06-10 4:15:40
"Can we talk around Saturday June 21, 2025 at 1:11 PM?",2025-06-21 13:11:40
"Can we talk around Sunday July 27, 2025 at 10:22 PM?",2025-07-27 22:22:40
"Can we talk around Thursday June 12, 2025 at 9:02 PM?",2025-06-12 21:02:40
"Letâs have dinner on Saturday July 19, 2025 at 9:36 AM.",2025-07-19 9:36:40
"I have an interview on Tuesday June 03, 2025 at 11:54 AM.",2025-06-03 11:54:40
"The class begins at Saturday July 12, 2025 at 2:40 PM.",2025-07-12 14:40:40
"Letâs connect on Wednesday July 16, 2025 at 9:27 AM.",2025-07-16 9:27:40
"The event starts at Friday June 13, 2025 at 2:23 AM.",2025-06-13 2:23:40
"We will meet on Tuesday June 03, 2025 at 10:03 PM.",2025-06-03 22:03:40
"The deadline is Monday June 30, 2025 at 8:11 AM.",2025-06-30 8:11:40
"She left early on Thursday July 24, 2025 at 3:15 AM.",2025-07-24 3:15:40
"Iâll see you at Thursday July 24, 2025 at 10:31 PM.",2025-07-24 22:31:40
"Our appointment is on Monday June 09, 2025 at 12:51 AM.",2025-06-09 0:51:40
"Weâre flying to Delhi on Sunday June 22, 2025 at 7:25 AM.",2025-06-22 7:25:40
"I have an interview on Sunday June 29, 2025 at 4:21 PM.",2025-06-29 16:21:40
"Letâs have dinner on Sunday June 29, 2025 at 5:01 PM.",2025-06-29 17:01:40
"She left early on Monday July 28, 2025 at 9:53 AM.",2025-07-28 9:53:40
"Letâs connect on Friday June 20, 2025 at 11:44 AM.",2025-06-20 11:44:40
"Iâll see you at Tuesday July 29, 2025 at 7:46 PM.",2025-07-29 19:46:40
"I have an interview on Sunday June 29, 2025 at 9:49 AM.",2025-06-29 9:49:40
"Can we talk around Friday July 25, 2025 at 3:55 AM?",2025-07-25 3:55:40
"Can we talk around Wednesday June 04, 2025 at 7:20 AM?",2025-06-04 7:20:40
"Weâre flying to Delhi on Thursday July 24, 2025 at 10:33 AM.",2025-07-24 10:33:40
"Letâs connect on Monday July 14, 2025 at 3:56 PM.",2025-07-14 15:56:40
"I have an interview on Monday July 28, 2025 at 10:39 AM.",2025-07-28 10:39:40
"The event starts at Wednesday July 30, 2025 at 12:19 AM.",2025-07-30 0:19:40
"Letâs connect on Friday June 27, 2025 at 9:52 AM.",2025-06-27 9:52:40
"We will meet on Monday June 09, 2025 at 1:39 AM.",2025-06-09 1:39:40
"The meeting is scheduled for Sunday July 20, 2025 at 8:16 AM.",2025-07-20 8:16:40
"Iâll see you at Thursday July 31, 2025 at 7:30 AM.",2025-07-31 7:30:40
"The class begins at Wednesday July 16, 2025 at 6:22 PM.",2025-07-16 18:22:40
"Our appointment is on Saturday July 26, 2025 at 7:31 AM.",2025-07-26 7:31:40
"She left early on Monday July 07, 2025 at 9:04 AM.",2025-07-07 9:04:40
"We will meet on Monday June 02, 2025 at 6:00 PM.",2025-06-02 18:00:40
"We will meet on Saturday June 07, 2025 at 1:21 PM.",2025-06-07 13:21:40
"The class begins at Tuesday June 10, 2025 at 11:56 PM.",2025-06-10 23:56:40
"The meeting is scheduled for Sunday June 29, 2025 at 6:42 AM.",2025-06-29 6:42:40
"Thereâs a match at Sunday June 15, 2025 at 1:34 AM.",2025-06-15 1:34:40
"Our appointment is on Friday July 11, 2025 at 5:21 AM.",2025-07-11 5:21:40
"She left early on Tuesday July 08, 2025 at 1:01 PM.",2025-07-08 13:01:40
"The deadline is Sunday July 13, 2025 at 1:53 AM.",2025-07-13 1:53:40
"The class begins at Friday July 04, 2025 at 6:17 AM.",2025-07-04 6:17:40
"Can we talk around Thursday June 12, 2025 at 1:21 AM?",2025-06-12 1:21:40
"Letâs connect on Sunday July 27, 2025 at 3:33 PM.",2025-07-27 15:33:40
"Iâll see you at Friday June 20, 2025 at 6:00 PM.",2025-06-20 18:00:40
"The deadline is Friday June 20, 2025 at 10:37 AM.",2025-06-20 10:37:40
"I have an interview on Sunday June 29, 2025 at 3:47 AM.",2025-06-29 3:47:40
"Our appointment is on Wednesday June 25, 2025 at 2:21 AM.",2025-06-25 2:21:40
"Catch you around Wednesday July 02, 2025 at 11:40 PM.",2025-07-02 23:40:40
"The meeting is scheduled for Saturday July 26, 2025 at 4:39 PM.",2025-07-26 16:39:40
"We will meet on Monday July 28, 2025 at 11:23 AM.",2025-07-28 11:23:40
"Catch you around Monday June 30, 2025 at 11:12 AM.",2025-06-30 11:12:40
"Iâll see you at Thursday July 03, 2025 at 3:01 AM.",2025-07-03 3:01:40
"Can we talk around Wednesday July 02, 2025 at 7:22 PM?",2025-07-02 19:22:40
"The meeting is scheduled for Tuesday June 03, 2025 at 12:51 AM.",2025-06-03 0:51:40
"She left early on Wednesday June 25, 2025 at 6:22 AM.",2025-06-25 6:22:40
"Our appointment is on Wednesday July 09, 2025 at 9:27 PM.",2025-07-09 21:27:40
"She left early on Thursday July 03, 2025 at 1:15 AM.",2025-07-03 1:15:40
"I have an interview on Sunday June 29, 2025 at 1:23 PM.",2025-06-29 13:23:40
"Letâs connect on Tuesday June 10, 2025 at 5:39 AM.",2025-06-10 5:39:40
"Catch you around Thursday June 05, 2025 at 5:59 PM.",2025-06-05 17:59:40
"She left early on Friday July 04, 2025 at 4:32 PM.",2025-07-04 16:32:40
"Weâre flying to Delhi on Thursday July 31, 2025 at 6:38 AM.",2025-07-31 6:38:40
"Letâs have dinner on Monday July 28, 2025 at 12:00 PM.",2025-07-28 12:00:40
"The deadline is Friday July 11, 2025 at 9:48 AM.",2025-07-11 9:48:40
"Letâs have dinner on Sunday June 01, 2025 at 11:50 AM.",2025-06-01 11:50:40
"Catch you around Tuesday July 29, 2025 at 3:35 PM.",2025-07-29 15:35:40
"The event starts at Wednesday July 23, 2025 at 1:47 AM.",2025-07-23 1:47:40
"The meeting is scheduled for Wednesday July 02, 2025 at 9:22 AM.",2025-07-02 9:22:40
"Letâs have dinner on Friday July 11, 2025 at 9:20 AM.",2025-07-11 9:20:40
"Iâll see you at Friday June 20, 2025 at 12:45 PM.",2025-06-20 12:45:40
"We will meet on Friday July 11, 2025 at 1:33 AM.",2025-07-11 1:33:40
"Catch you around Tuesday July 08, 2025 at 12:00 PM.",2025-07-08 12:00:40
"Weâre flying to Delhi on Thursday June 05, 2025 at 5:32 AM.",2025-06-05 5:32:40
"Weâre flying to Delhi on Sunday June 15, 2025 at 1:42 AM.",2025-06-15 1:42:40
"Letâs connect on Tuesday June 17, 2025 at 6:28 AM.",2025-06-17 6:28:40
"The deadline is Tuesday June 10, 2025 at 9:03 AM.",2025-06-10 9:03:40
"Catch you around Friday June 27, 2025 at 6:19 AM.",2025-06-27 6:19:40
"Iâll see you at Monday July 28, 2025 at 5:56 AM.",2025-07-28 5:56:40
"Catch you around Friday June 13, 2025 at 8:14 AM.",2025-06-13 8:14:40
"Iâll see you at Monday July 28, 2025 at 1:48 AM.",2025-07-28 1:48:40
"The event starts at Saturday June 21, 2025 at 9:39 PM.",2025-06-21 21:39:40
"Our appointment is on Monday June 23, 2025 at 1:28 AM.",2025-06-23 1:28:40
"We will meet on Tuesday July 29, 2025 at 9:38 AM.",2025-07-29 9:38:40
"The class begins at Monday June 30, 2025 at 7:34 PM.",2025-06-30 19:34:40
"Iâll see you at Saturday May 31, 2025 at 12:07 PM.",2025-05-31 12:07:40
"Letâs have dinner on Sunday July 06, 2025 at 7:30 PM.",2025-07-06 19:30:40
"The deadline is Sunday July 20, 2025 at 12:30 PM.",2025-07-20 12:30:40
"The meeting is scheduled for Saturday July 19, 2025 at 9:32 AM.",2025-07-19 9:32:40
"Our appointment is on Wednesday July 16, 2025 at 5:19 PM.",2025-07-16 17:19:40
"The meeting is scheduled for Friday June 20, 2025 at 12:19 AM.",2025-06-20 0:19:40
"Weâre flying to Delhi on Saturday June 21, 2025 at 8:41 AM.",2025-06-21 8:41:40
"The meeting is scheduled for Monday July 14, 2025 at 9:38 PM.",2025-07-14 21:38:40
"Letâs connect on Tuesday June 17, 2025 at 10:02 AM.",2025-06-17 10:02:40
"Letâs have dinner on Sunday June 22, 2025 at 11:51 PM.",2025-06-22 23:51:40
"The class begins at Wednesday July 16, 2025 at 7:05 PM.",2025-07-16 19:05:40
"Letâs have dinner on Sunday June 01, 2025 at 9:34 AM.",2025-06-01 9:34:40
"We will meet on Sunday July 13, 2025 at 9:45 AM.",2025-07-13 9:45:40
"Letâs connect on Sunday June 22, 2025 at 10:39 PM.",2025-06-22 22:39:40
"The class begins at Tuesday July 29, 2025 at 7:25 AM.",2025-07-29 7:25:40
"The event starts at Thursday June 05, 2025 at 5:25 AM.",2025-06-05 5:25:40
"She left early on Friday July 11, 2025 at 10:49 PM.",2025-07-11 22:49:40
"We will meet on Saturday July 26, 2025 at 6:37 AM.",2025-07-26 6:37:40
"The event starts at Friday July 04, 2025 at 2:08 PM.",2025-07-04 14:08:40
"We will meet on Saturday July 12, 2025 at 12:11 PM.",2025-07-12 12:11:40
"We will meet on Sunday June 01, 2025 at 9:16 PM.",2025-06-01 21:16:40
"The deadline is Friday July 18, 2025 at 2:57 AM.",2025-07-18 2:57:40
"The event starts at Thursday July 31, 2025 at 7:04 AM.",2025-07-31 7:04:40
"Catch you around Thursday June 12, 2025 at 9:36 PM.",2025-06-12 21:36:40
"Our appointment is on Thursday July 17, 2025 at 3:03 PM.",2025-07-17 15:03:40
"Iâll see you at Wednesday June 18, 2025 at 12:06 PM.",2025-06-18 12:06:40
"We will meet on Saturday July 12, 2025 at 5:24 PM.",2025-07-12 17:24:40
"Thereâs a match at Wednesday June 18, 2025 at 8:04 AM.",2025-06-18 8:04:40
"The deadline is Friday June 27, 2025 at 3:38 AM.",2025-06-27 3:38:40
"The meeting is scheduled for Friday July 25, 2025 at 12:18 PM.",2025-07-25 12:18:40
"The event starts at Monday June 30, 2025 at 6:56 AM.",2025-06-30 6:56:40
"The event starts at Sunday June 15, 2025 at 9:35 AM.",2025-06-15 9:35:40
"The deadline is Friday June 20, 2025 at 10:37 PM.",2025-06-20 22:37:40
"Weâre flying to Delhi on Tuesday June 03, 2025 at 5:56 AM.",2025-06-03 5:56:40
"Can we talk around Wednesday July 23, 2025 at 11:16 AM?",2025-07-23 11:16:40
"The class begins at Saturday June 21, 2025 at 1:31 PM.",2025-06-21 13:31:40
"Weâre flying to Delhi on Saturday June 07, 2025 at 6:29 AM.",2025-06-07 6:29:40
"The class begins at Monday June 23, 2025 at 6:17 PM.",2025-06-23 18:17:40
"The deadline is Tuesday July 22, 2025 at 2:16 PM.",2025-07-22 14:16:40
"I have an interview on Wednesday July 23, 2025 at 5:57 PM.",2025-07-23 17:57:40
"Can we talk around Thursday July 31, 2025 at 5:56 AM?",2025-07-31 5:56:40
"Iâll see you at Monday July 14, 2025 at 4:38 PM.",2025-07-14 16:38:40
"Iâll see you at Thursday July 10, 2025 at 6:45 PM.",2025-07-10 18:45:40
"Iâll see you at Friday July 18, 2025 at 9:27 AM.",2025-07-18 9:27:40
"I have an interview on Monday July 28, 2025 at 12:51 AM.",2025-07-28 0:51:40
"Thereâs a match at Saturday June 07, 2025 at 11:39 PM.",2025-06-07 23:39:40
"The deadline is Saturday July 12, 2025 at 7:56 PM.",2025-07-12 19:56:40
"The deadline is Saturday July 19, 2025 at 8:05 PM.",2025-07-19 20:05:40
"I have an interview on Saturday July 19, 2025 at 1:03 PM.",2025-07-19 13:03:40
"Weâre flying to Delhi on Tuesday June 24, 2025 at 12:12 AM.",2025-06-24 0:12:40
"The meeting is scheduled for Thursday July 24, 2025 at 2:00 PM.",2025-07-24 14:00:40
"The meeting is scheduled for Thursday June 26, 2025 at 3:48 AM.",2025-06-26 3:48:40
"We will meet on Friday June 13, 2025 at 11:07 PM.",2025-06-13 23:07:40
"Weâre flying to Delhi on Saturday June 14, 2025 at 4:45 PM.",2025-06-14 16:45:40
"Our appointment is on Friday June 20, 2025 at 8:07 AM.",2025-06-20 8:07:40
"Thereâs a match at Saturday July 05, 2025 at 10:39 AM.",2025-07-05 10:39:40
"We will meet on Sunday July 27, 2025 at 4:20 PM.",2025-07-27 16:20:40
"She left early on Thursday June 12, 2025 at 1:10 AM.",2025-06-12 1:10:40
"The meeting is scheduled for Saturday July 05, 2025 at 10:43 PM.",2025-07-05 22:43:40
"Letâs have dinner on Saturday June 21, 2025 at 3:17 AM.",2025-06-21 3:17:40
"The class begins at Thursday June 12, 2025 at 1:17 AM.",2025-06-12 1:17:40
"Iâll see you at Sunday June 08, 2025 at 2:31 PM.",2025-06-08 14:31:40
"Iâll see you at Tuesday July 01, 2025 at 6:11 PM.",2025-07-01 18:11:40
"Our appointment is on Wednesday July 09, 2025 at 1:39 AM.",2025-07-09 1:39:40
"Thereâs a match at Monday June 02, 2025 at 10:33 PM.",2025-06-02 22:33:40
"Thereâs a match at Wednesday June 25, 2025 at 2:28 PM.",2025-06-25 14:28:40
"Our appointment is on Friday July 04, 2025 at 10:25 PM.",2025-07-04 22:25:40
"Letâs have dinner on Tuesday June 03, 2025 at 5:49 PM.",2025-06-03 17:49:40
"We will meet on Friday July 25, 2025 at 11:00 AM.",2025-07-25 11:00:40
"Our appointment is on Friday July 11, 2025 at 10:35 AM.",2025-07-11 10:35:40
"I have an interview on Friday June 27, 2025 at 11:34 PM.",2025-06-27 23:34:40
"I have an interview on Saturday June 14, 2025 at 12:43 AM.",2025-06-14 0:43:40
"The meeting is scheduled for Sunday July 27, 2025 at 9:10 AM.",2025-07-27 9:10:40
"Can we talk around Tuesday July 29, 2025 at 8:59 PM?",2025-07-29 20:59:40
"The class begins at Sunday July 06, 2025 at 11:22 PM.",2025-07-06 23:22:40
"The event starts at Tuesday July 22, 2025 at 5:55 PM.",2025-07-22 17:55:40
"She left early on Thursday July 10, 2025 at 9:47 AM.",2025-07-10 9:47:40
"Iâll see you at Saturday July 19, 2025 at 10:02 PM.",2025-07-19 22:02:40
"The deadline is Friday July 25, 2025 at 2:35 PM.",2025-07-25 14:35:40
"Catch you around Thursday July 10, 2025 at 6:28 PM.",2025-07-10 18:28:40
"The deadline is Wednesday July 02, 2025 at 8:02 AM.",2025-07-02 8:02:40
"Letâs connect on Saturday July 26, 2025 at 5:20 PM.",2025-07-26 17:20:40
"We will meet on Thursday June 05, 2025 at 1:59 AM.",2025-06-05 1:59:40
"Can we talk around Monday June 02, 2025 at 5:35 PM?",2025-06-02 17:35:40
"The class begins at Wednesday June 04, 2025 at 8:44 PM.",2025-06-04 20:44:40
"Catch you around Monday June 30, 2025 at 1:53 PM.",2025-06-30 13:53:40
"Letâs connect on Tuesday June 17, 2025 at 4:23 AM.",2025-06-17 4:23:40
"Catch you around Wednesday June 18, 2025 at 3:52 AM.",2025-06-18 3:52:40
"Thereâs a match at Tuesday July 29, 2025 at 6:58 PM.",2025-07-29 18:58:40
"Weâre flying to Delhi on Thursday June 12, 2025 at 12:09 PM.",2025-06-12 12:09:40
"Letâs have dinner on Thursday June 26, 2025 at 4:29 PM.",2025-06-26 16:29:40
"Iâll see you at Monday June 16, 2025 at 9:04 PM.",2025-06-16 21:04:40
"Catch you around Saturday July 12, 2025 at 12:15 PM.",2025-07-12 12:15:40
"Our appointment is on Monday June 09, 2025 at 1:09 AM.",2025-06-09 1:09:40
"The deadline is Wednesday July 16, 2025 at 1:31 AM.",2025-07-16 1:31:40
"She left early on Sunday July 27, 2025 at 10:29 AM.",2025-07-27 10:29:40
"Weâre flying to Delhi on Sunday July 13, 2025 at 8:18 AM.",2025-07-13 8:18:40
"Letâs have dinner on Monday June 02, 2025 at 2:51 PM.",2025-06-02 14:51:40
"The deadline is Thursday July 10, 2025 at 2:11 PM.",2025-07-10 14:11:40
"Thereâs a match at Thursday June 12, 2025 at 12:17 PM.",2025-06-12 12:17:40
"Letâs connect on Thursday June 05, 2025 at 4:29 AM.",2025-06-05 4:29:40
"Catch you around Monday June 23, 2025 at 3:17 PM.",2025-06-23 15:17:40
"I have an interview on Tuesday June 03, 2025 at 3:56 AM.",2025-06-03 3:56:40
"Iâll see you at Friday June 27, 2025 at 2:04 AM.",2025-06-27 2:04:40
"We will meet on Friday June 13, 2025 at 1:43 PM.",2025-06-13 13:43:40
"Our appointment is on Sunday July 20, 2025 at 2:58 PM.",2025-07-20 14:58:40
"She left early on Thursday July 24, 2025 at 12:54 PM.",2025-07-24 12:54:40
"The event starts at Wednesday July 23, 2025 at 1:24 AM.",2025-07-23 1:24:40
"The deadline is Friday June 27, 2025 at 11:30 PM.",2025-06-27 23:30:40
"The deadline is Sunday June 01, 2025 at 2:33 AM.",2025-06-01 2:33:40
"Thereâs a match at Sunday June 29, 2025 at 8:04 PM.",2025-06-29 20:04:40
"The class begins at Tuesday June 24, 2025 at 7:48 PM.",2025-06-24 19:48:40
"Letâs have dinner on Thursday June 26, 2025 at 6:41 AM.",2025-06-26 6:41:40
"We will meet on Tuesday June 24, 2025 at 9:52 AM.",2025-06-24 9:52:40
"Can we talk around Monday June 23, 2025 at 2:41 AM?",2025-06-23 2:41:40
"She left early on Monday July 14, 2025 at 12:17 PM.",2025-07-14 12:17:40
"I have an interview on Monday July 28, 2025 at 10:33 AM.",2025-07-28 10:33:40
"Catch you around Thursday June 12, 2025 at 9:15 AM.",2025-06-12 9:15:40
"Letâs connect on Friday June 13, 2025 at 1:23 AM.",2025-06-13 1:23:40
"Weâre flying to Delhi on Sunday June 29, 2025 at 12:19 PM.",2025-06-29 12:19:40
"I have an interview on Wednesday July 02, 2025 at 5:12 PM.",2025-07-02 17:12:40
"She left early on Tuesday June 03, 2025 at 11:35 PM.",2025-06-03 23:35:40
"Weâre flying to Delhi on Sunday July 13, 2025 at 10:04 PM.",2025-07-13 22:04:40
"Iâll see you at Saturday July 05, 2025 at 3:40 PM.",2025-07-05 15:40:40
"Thereâs a match at Wednesday June 18, 2025 at 1:39 PM.",2025-06-18 13:39:40
"Thereâs a match at Monday June 09, 2025 at 5:55 AM.",2025-06-09 5:55:40
"Catch you around Saturday July 26, 2025 at 2:44 PM.",2025-07-26 14:44:40
"The event starts at Saturday May 31, 2025 at 11:04 AM.",2025-05-31 11:04:40
"We will meet on Saturday July 12, 2025 at 4:36 PM.",2025-07-12 16:36:40
"The class begins at Sunday July 06, 2025 at 1:13 AM.",2025-07-06 1:13:40
"Thereâs a match at Saturday July 19, 2025 at 7:41 AM.",2025-07-19 7:41:40
"Iâll see you at Monday July 21, 2025 at 7:54 PM.",2025-07-21 19:54:40
"The event starts at Sunday June 08, 2025 at 8:41 PM.",2025-06-08 20:41:40
"Iâll see you at Sunday June 22, 2025 at 11:44 AM.",2025-06-22 11:44:40
"Letâs connect on Friday July 11, 2025 at 7:48 AM.",2025-07-11 7:48:40
"Letâs connect on Monday June 16, 2025 at 12:57 PM.",2025-06-16 12:57:40
"Letâs connect on Saturday June 21, 2025 at 8:32 AM.",2025-06-21 8:32:40
"We will meet on Sunday July 20, 2025 at 9:39 PM.",2025-07-20 21:39:40
"She left early on Wednesday June 04, 2025 at 6:41 PM.",2025-06-04 18:41:40
"The event starts at Friday June 06, 2025 at 1:28 PM.",2025-06-06 13:28:40
"Catch you around Monday June 16, 2025 at 1:59 AM.",2025-06-16 1:59:40
"The deadline is Sunday July 27, 2025 at 3:13 PM.",2025-07-27 15:13:40
"The deadline is Thursday June 19, 2025 at 12:27 PM.",2025-06-19 12:27:40
"Catch you around Tuesday June 17, 2025 at 4:20 PM.",2025-06-17 16:20:40
"Can we talk around Sunday July 27, 2025 at 4:29 PM?",2025-07-27 16:29:40
"Letâs have dinner on Sunday July 13, 2025 at 12:41 AM.",2025-07-13 0:41:40
"Catch you around Sunday July 06, 2025 at 12:12 AM.",2025-07-06 0:12:40
"The event starts at Monday July 14, 2025 at 9:29 PM.",2025-07-14 21:29:40
"Letâs connect on Saturday June 14, 2025 at 12:56 PM.",2025-06-14 12:56:40
"Can we talk around Monday June 30, 2025 at 11:19 PM?",2025-06-30 23:19:40
"I have an interview on Wednesday June 11, 2025 at 1:11 PM.",2025-06-11 13:11:40
"We will meet on Tuesday July 08, 2025 at 1:23 AM.",2025-07-08 1:23:40
"The class begins at Monday June 23, 2025 at 1:06 PM.",2025-06-23 13:06:40
"Iâll see you at Monday June 09, 2025 at 7:44 PM.",2025-06-09 19:44:40
"Iâll see you at Friday July 11, 2025 at 7:41 AM.",2025-07-11 7:41:40
"Iâll see you at Saturday July 19, 2025 at 1:52 PM.",2025-07-19 13:52:40
"Letâs have dinner on Wednesday June 25, 2025 at 9:21 AM.",2025-06-25 9:21:40
"The meeting is scheduled for Tuesday June 17, 2025 at 4:26 PM.",2025-06-17 16:26:40
"We will meet on Saturday July 26, 2025 at 9:23 PM.",2025-07-26 21:23:40
"The event starts at Tuesday July 15, 2025 at 11:02 PM.",2025-07-15 23:02:40
"We will meet on Sunday July 27, 2025 at 3:35 PM.",2025-07-27 15:35:40
"Can we talk around Friday July 18, 2025 at 9:42 AM?",2025-07-18 9:42:40
"The deadline is Tuesday July 08, 2025 at 12:41 PM.",2025-07-08 12:41:40
"Iâll see you at Friday June 13, 2025 at 1:36 AM.",2025-06-13 1:36:40
"We will meet on Monday June 02, 2025 at 8:25 AM.",2025-06-02 8:25:40
"The event starts at Tuesday June 24, 2025 at 10:18 AM.",2025-06-24 10:18:40
"Letâs connect on Tuesday July 29, 2025 at 10:39 AM.",2025-07-29 10:39:40
"The event starts at Wednesday July 30, 2025 at 11:13 PM.",2025-07-30 23:13:40
"Letâs connect on Thursday July 17, 2025 at 5:04 PM.",2025-07-17 17:04:40
"Letâs connect on Monday June 16, 2025 at 3:31 AM.",2025-06-16 3:31:40
"The meeting is scheduled for Wednesday June 25, 2025 at 7:08 AM.",2025-06-25 7:08:40
"Thereâs a match at Wednesday June 04, 2025 at 10:09 PM.",2025-06-04 22:09:40
"Letâs have dinner on Wednesday July 16, 2025 at 4:54 AM.",2025-07-16 4:54:40
"Can we talk around Monday July 14, 2025 at 6:46 AM?",2025-07-14 6:46:40
"Thereâs a match at Saturday July 12, 2025 at 8:42 PM.",2025-07-12 20:42:40
"Letâs connect on Friday June 13, 2025 at 6:14 PM.",2025-06-13 18:14:40
"Our appointment is on Tuesday June 17, 2025 at 1:59 PM.",2025-06-17 13:59:40
"Catch you around Thursday July 17, 2025 at 1:58 AM.",2025-07-17 1:58:40
"Our appointment is on Friday June 06, 2025 at 11:51 PM.",2025-06-06 23:51:40
"The meeting is scheduled for Sunday June 15, 2025 at 8:33 AM.",2025-06-15 8:33:40
"The deadline is Thursday June 26, 2025 at 4:44 AM.",2025-06-26 4:44:40
"Iâll see you at Saturday July 19, 2025 at 8:55 PM.",2025-07-19 20:55:40
"The class begins at Thursday June 19, 2025 at 12:42 AM.",2025-06-19 0:42:40
"The event starts at Tuesday June 10, 2025 at 7:54 AM.",2025-06-10 7:54:40
"Thereâs a match at Sunday July 27, 2025 at 10:36 AM.",2025-07-27 10:36:40
"We will meet on Saturday July 26, 2025 at 5:00 AM.",2025-07-26 5:00:40
"Thereâs a match at Tuesday June 10, 2025 at 6:52 AM.",2025-06-10 6:52:40
"Letâs have dinner on Thursday June 19, 2025 at 6:16 PM.",2025-06-19 18:16:40
"Letâs have dinner on Sunday June 29, 2025 at 7:43 AM.",2025-06-29 7:43:40
"Iâll see you at Wednesday June 25, 2025 at 12:30 AM.",2025-06-25 0:30:40
"The event starts at Wednesday June 04, 2025 at 8:35 PM.",2025-06-04 20:35:40
"Iâll see you at Monday June 30, 2025 at 4:06 PM.",2025-06-30 16:06:40
"She left early on Thursday July 17, 2025 at 11:20 PM.",2025-07-17 23:20:40
"Catch you around Saturday June 14, 2025 at 4:43 AM.",2025-06-14 4:43:40
"Our appointment is on Monday July 28, 2025 at 9:22 PM.",2025-07-28 21:22:40
"I have an interview on Saturday July 05, 2025 at 12:00 PM.",2025-07-05 12:00:40
"Weâre flying to Delhi on Friday June 13, 2025 at 8:17 AM.",2025-06-13 8:17:40
"The event starts at Tuesday July 29, 2025 at 3:46 PM.",2025-07-29 15:46:40
"Iâll see you at Sunday June 15, 2025 at 12:10 AM.",2025-06-15 0:10:40
"Letâs have dinner on Friday June 06, 2025 at 8:10 AM.",2025-06-06 8:10:40
"Iâll see you at Friday June 20, 2025 at 11:06 AM.",2025-06-20 11:06:40
"Thereâs a match at Thursday July 31, 2025 at 7:19 AM.",2025-07-31 7:19:40
"The class begins at Wednesday June 18, 2025 at 11:07 PM.",2025-06-18 23:07:40
"The event starts at Sunday June 01, 2025 at 6:36 AM.",2025-06-01 6:36:40
"Thereâs a match at Sunday July 20, 2025 at 8:41 PM.",2025-07-20 20:41:40
"Letâs have dinner on Tuesday July 29, 2025 at 1:45 AM.",2025-07-29 1:45:40
"The meeting is scheduled for Sunday June 29, 2025 at 10:12 PM.",2025-06-29 22:12:40
"Our appointment is on Saturday July 12, 2025 at 1:16 AM.",2025-07-12 1:16:40
"Letâs connect on Monday July 14, 2025 at 12:14 AM.",2025-07-14 0:14:40
"We will meet on Monday July 14, 2025 at 4:09 PM.",2025-07-14 16:09:40
"The class begins at Sunday June 08, 2025 at 12:20 AM.",2025-06-08 0:20:40
"She left early on Sunday July 13, 2025 at 1:19 PM.",2025-07-13 13:19:40
"Catch you around Sunday June 08, 2025 at 2:32 PM.",2025-06-08 14:32:40
"Can we talk around Tuesday July 08, 2025 at 7:53 PM?",2025-07-08 19:53:40
"Weâre flying to Delhi on Monday June 02, 2025 at 2:10 AM.",2025-06-02 2:10:40
"Letâs have dinner on Saturday June 07, 2025 at 10:14 AM.",2025-06-07 10:14:40
"The deadline is Sunday July 20, 2025 at 8:57 PM.",2025-07-20 20:57:40
"Catch you around Thursday July 17, 2025 at 10:24 AM.",2025-07-17 10:24:40
"The meeting is scheduled for Sunday July 13, 2025 at 9:05 AM.",2025-07-13 9:05:40
"Letâs connect on Sunday June 08, 2025 at 1:33 AM.",2025-06-08 1:33:40
"The meeting is scheduled for Sunday June 22, 2025 at 4:32 AM.",2025-06-22 4:32:40
"She left early on Saturday July 26, 2025 at 11:38 AM.",2025-07-26 11:38:40
"She left early on Thursday June 26, 2025 at 10:24 PM.",2025-06-26 22:24:40
"Letâs connect on Wednesday June 18, 2025 at 8:01 AM.",2025-06-18 8:01:40
"Letâs connect on Monday June 16, 2025 at 10:59 PM.",2025-06-16 22:59:40
"She left early on Saturday May 31, 2025 at 2:18 PM.",2025-05-31 14:18:40
"Our appointment is on Friday July 18, 2025 at 3:02 PM.",2025-07-18 15:02:40
"I have an interview on Saturday July 12, 2025 at 5:40 PM.",2025-07-12 17:40:40
"The class begins at Thursday July 10, 2025 at 9:13 PM.",2025-07-10 21:13:40
"I have an interview on Tuesday July 15, 2025 at 10:47 PM.",2025-07-15 22:47:40
"The event starts at Friday July 18, 2025 at 1:06 AM.",2025-07-18 1:06:40
"Letâs connect on Sunday July 20, 2025 at 1:28 PM.",2025-07-20 13:28:40
"She left early on Wednesday July 09, 2025 at 9:51 PM.",2025-07-09 21:51:40
"We will meet on Tuesday June 17, 2025 at 11:25 AM.",2025-06-17 11:25:40
"She left early on Wednesday July 16, 2025 at 2:39 AM.",2025-07-16 2:39:40
"The meeting is scheduled for Sunday June 01, 2025 at 7:58 PM.",2025-06-01 19:58:40
"Iâll see you at Sunday July 13, 2025 at 4:43 AM.",2025-07-13 4:43:40
"The event starts at Saturday July 19, 2025 at 2:47 PM.",2025-07-19 14:47:40
"Weâre flying to Delhi on Friday July 25, 2025 at 7:35 AM.",2025-07-25 7:35:40
"Catch you around Thursday June 26, 2025 at 7:42 PM.",2025-06-26 19:42:40
"Iâll see you at Tuesday June 03, 2025 at 1:56 AM.",2025-06-03 1:56:40
"She left early on Thursday June 26, 2025 at 7:52 AM.",2025-06-26 7:52:40
"Letâs connect on Sunday July 06, 2025 at 12:17 PM.",2025-07-06 12:17:40
"I have an interview on Sunday June 08, 2025 at 11:47 PM.",2025-06-08 23:47:40
"Can we talk around Tuesday July 22, 2025 at 1:52 PM?",2025-07-22 13:52:40
"She left early on Tuesday July 29, 2025 at 7:17 AM.",2025-07-29 7:17:40
"Can we talk around Monday July 14, 2025 at 5:09 PM?",2025-07-14 17:09:40
"Catch you around Monday June 09, 2025 at 12:08 PM.",2025-06-09 12:08:40
"Thereâs a match at Monday July 28, 2025 at 9:37 AM.",2025-07-28 9:37:40
"Iâll see you at Saturday June 07, 2025 at 1:57 PM.",2025-06-07 13:57:40
"Catch you around Thursday July 10, 2025 at 11:12 AM.",2025-07-10 11:12:40
"Our appointment is on Wednesday July 09, 2025 at 4:18 AM.",2025-07-09 4:18:40
"The event starts at Tuesday June 03, 2025 at 5:41 PM.",2025-06-03 17:41:40
"The deadline is Tuesday July 08, 2025 at 7:40 AM.",2025-07-08 7:40:40
"Letâs have dinner on Tuesday June 17, 2025 at 3:40 PM.",2025-06-17 15:40:40
"Catch you around Thursday July 03, 2025 at 3:19 AM.",2025-07-03 3:19:40
"Weâre flying to Delhi on Tuesday June 10, 2025 at 2:53 PM.",2025-06-10 14:53:40
"Thereâs a match at Sunday July 06, 2025 at 6:12 AM.",2025-07-06 6:12:40
"We will meet on Friday July 11, 2025 at 8:46 PM.",2025-07-11 20:46:40
"She left early on Friday July 18, 2025 at 11:07 AM.",2025-07-18 11:07:40
"Can we talk around Thursday July 10, 2025 at 6:05 AM?",2025-07-10 6:05:40
"Thereâs a match at Monday July 21, 2025 at 9:33 PM.",2025-07-21 21:33:40
"The deadline is Friday June 20, 2025 at 5:53 PM.",2025-06-20 17:53:40
"Iâll see you at Friday July 04, 2025 at 12:57 PM.",2025-07-04 12:57:40
"Catch you around Thursday July 03, 2025 at 2:19 PM.",2025-07-03 14:19:40
"Catch you around Wednesday July 09, 2025 at 7:57 AM.",2025-07-09 7:57:40
"Thereâs a match at Tuesday June 24, 2025 at 10:58 PM.",2025-06-24 22:58:40
"The deadline is Tuesday June 03, 2025 at 12:16 AM.",2025-06-03 0:16:40
"Catch you around Monday July 07, 2025 at 2:55 PM.",2025-07-07 14:55:40
"Weâre flying to Delhi on Wednesday June 25, 2025 at 1:07 PM.",2025-06-25 13:07:40
"Letâs have dinner on Saturday July 19, 2025 at 4:04 PM.",2025-07-19 16:04:40
"The meeting is scheduled for Tuesday July 29, 2025 at 5:02 AM.",2025-07-29 5:02:40
"Iâll see you at Tuesday July 08, 2025 at 9:05 AM.",2025-07-08 9:05:40
"Letâs connect on Tuesday July 15, 2025 at 8:33 PM.",2025-07-15 20:33:40
"We will meet on Thursday June 05, 2025 at 8:09 AM.",2025-06-05 8:09:40
"Catch you around Wednesday July 09, 2025 at 10:31 AM.",2025-07-09 10:31:40
"Can we talk around Friday July 04, 2025 at 11:03 AM?",2025-07-04 11:03:40
"The class begins at Sunday July 13, 2025 at 6:16 PM.",2025-07-13 18:16:40
"Our appointment is on Wednesday July 16, 2025 at 6:04 PM.",2025-07-16 18:04:40
"Thereâs a match at Tuesday June 17, 2025 at 4:56 PM.",2025-06-17 16:56:40
"Catch you around Friday June 20, 2025 at 2:54 AM.",2025-06-20 2:54:40
"Weâre flying to Delhi on Tuesday July 22, 2025 at 3:29 AM.",2025-07-22 3:29:40
"Our appointment is on Saturday July 26, 2025 at 9:29 PM.",2025-07-26 21:29:40
"Letâs connect on Tuesday June 03, 2025 at 3:45 AM.",2025-06-03 3:45:40
"Letâs have dinner on Sunday July 27, 2025 at 3:22 PM.",2025-07-27 15:22:40
"Weâre flying to Delhi on Sunday June 22, 2025 at 10:01 PM.",2025-06-22 22:01:40
"Our appointment is on Tuesday July 15, 2025 at 4:01 AM.",2025-07-15 4:01:40