sentence,datetime
"Let’s have dinner on Friday July 18, 2025 at 12:16 PM.",2025-07-18 12:16:13
"The deadline is Wednesday June 04, 2025 at 2:00 AM.",2025-06-04 02:00:13
"We’re flying to Delhi on Sunday July 20, 2025 at 12:39 AM.",2025-07-20 00:39:13
"I’ll see you at Tuesday July 01, 2025 at 10:48 AM.",2025-07-01 10:48:13
"The meeting is scheduled for Tuesday July 29, 2025 at 2:41 AM.",2025-07-29 02:41:13
"Our appointment is on Monday June 02, 2025 at 5:51 AM.",2025-06-02 05:51:13
"Our appointment is on Friday June 27, 2025 at 12:15 AM.",2025-06-27 00:15:13
"The deadline is Saturday June 28, 2025 at 7:29 PM.",2025-06-28 19:29:13
"There’s a match at Sunday June 29, 2025 at 5:39 AM.",2025-06-29 05:39:13
"The event starts at Sunday June 15, 2025 at 3:34 PM.",2025-06-15 15:34:13
"The class begins at Monday June 30, 2025 at 10:21 PM.",2025-06-30 22:21:13
"The deadline is Thursday June 12, 2025 at 1:05 PM.",2025-06-12 13:05:13
"Our appointment is on Friday June 06, 2025 at 10:00 AM.",2025-06-06 10:00:13
"Let’s have dinner on Friday June 13, 2025 at 6:19 AM.",2025-06-13 06:19:13
"Let’s have dinner on Monday June 23, 2025 at 8:18 PM.",2025-06-23 20:18:13
"We’re flying to Delhi on Tuesday June 10, 2025 at 8:40 PM.",2025-06-10 20:40:13
"I’ll see you at Saturday June 07, 2025 at 7:11 PM.",2025-06-07 19:11:13
"We’re flying to Delhi on Saturday June 21, 2025 at 8:53 PM.",2025-06-21 20:53:13
"Let’s have dinner on Wednesday July 30, 2025 at 6:15 PM.",2025-07-30 18:15:13
"The class begins at Thursday July 10, 2025 at 11:23 PM.",2025-07-10 23:23:13
"I have an interview on Friday June 13, 2025 at 7:41 PM.",2025-06-13 19:41:13
"I have an interview on Sunday July 06, 2025 at 8:39 AM.",2025-07-06 08:39:13
"There’s a match at Tuesday July 08, 2025 at 6:56 PM.",2025-07-08 18:56:13
"The meeting is scheduled for Sunday June 22, 2025 at 1:07 AM.",2025-06-22 01:07:13
"There’s a match at Wednesday June 04, 2025 at 9:34 PM.",2025-06-04 21:34:13
"The deadline is Friday June 13, 2025 at 2:29 PM.",2025-06-13 14:29:13
"The meeting is scheduled for Sunday July 06, 2025 at 2:03 AM.",2025-07-06 02:03:13
"We’re flying to Delhi on Friday June 13, 2025 at 9:33 PM.",2025-06-13 21:33:13
"The event starts at Wednesday June 11, 2025 at 8:34 PM.",2025-06-11 20:34:13
"Let’s have dinner on Monday July 28, 2025 at 3:11 AM.",2025-07-28 03:11:13
"I’ll see you at Thursday July 24, 2025 at 4:55 PM.",2025-07-24 16:55:13
"The deadline is Wednesday June 25, 2025 at 11:48 AM.",2025-06-25 11:48:13
"I’ll see you at Saturday July 12, 2025 at 1:49 PM.",2025-07-12 13:49:13
"The deadline is Wednesday July 02, 2025 at 12:25 PM.",2025-07-02 12:25:13
"There’s a match at Wednesday July 09, 2025 at 12:53 PM.",2025-07-09 12:53:13
"The class begins at Monday July 14, 2025 at 7:43 AM.",2025-07-14 07:43:13
"I have an interview on Tuesday June 03, 2025 at 7:21 AM.",2025-06-03 07:21:13
"I’ll see you at Sunday July 20, 2025 at 9:35 AM.",2025-07-20 09:35:13
"There’s a match at Tuesday July 08, 2025 at 5:47 AM.",2025-07-08 05:47:13
"Our appointment is on Tuesday July 08, 2025 at 11:43 PM.",2025-07-08 23:43:13
"The event starts at Sunday June 08, 2025 at 9:39 AM.",2025-06-08 09:39:13
"I have an interview on Tuesday July 15, 2025 at 8:14 AM.",2025-07-15 08:14:13
"There’s a match at Wednesday June 11, 2025 at 10:23 PM.",2025-06-11 22:23:13
"The meeting is scheduled for Saturday July 12, 2025 at 8:32 AM.",2025-07-12 08:32:13
"Let’s have dinner on Sunday June 15, 2025 at 10:01 AM.",2025-06-15 10:01:13
"Our appointment is on Sunday June 29, 2025 at 3:01 PM.",2025-06-29 15:01:13
"I’ll see you at Friday June 20, 2025 at 2:46 AM.",2025-06-20 02:46:13
"There’s a match at Monday June 23, 2025 at 8:46 AM.",2025-06-23 08:46:13
"The class begins at Sunday June 22, 2025 at 12:27 AM.",2025-06-22 00:27:13
"Let’s have dinner on Wednesday July 02, 2025 at 5:37 AM.",2025-07-02 05:37:13
"I’ll see you at Thursday June 19, 2025 at 7:42 PM.",2025-06-19 19:42:13
"The deadline is Saturday June 07, 2025 at 6:38 AM.",2025-06-07 06:38:13
"I have an interview on Wednesday June 18, 2025 at 10:01 AM.",2025-06-18 10:01:13
"The meeting is scheduled for Thursday June 05, 2025 at 3:54 AM.",2025-06-05 03:54:13
"I have an interview on Sunday June 01, 2025 at 7:30 PM.",2025-06-01 19:30:13
"We’re flying to Delhi on Saturday June 07, 2025 at 3:35 PM.",2025-06-07 15:35:13
"Let’s have dinner on Saturday May 31, 2025 at 3:58 PM.",2025-05-31 15:58:13
"The meeting is scheduled for Friday July 11, 2025 at 7:07 AM.",2025-07-11 07:07:13
"The deadline is Thursday June 26, 2025 at 4:30 AM.",2025-06-26 04:30:13
"We’re flying to Delhi on Friday June 13, 2025 at 10:02 PM.",2025-06-13 22:02:13
"There’s a match at Monday July 28, 2025 at 9:22 AM.",2025-07-28 09:22:13
"I have an interview on Thursday July 03, 2025 at 7:41 AM.",2025-07-03 07:41:13
"We’re flying to Delhi on Tuesday July 01, 2025 at 6:37 AM.",2025-07-01 06:37:13
"We’re flying to Delhi on Tuesday June 17, 2025 at 1:04 AM.",2025-06-17 01:04:13
"Let’s have dinner on Wednesday June 18, 2025 at 12:50 AM.",2025-06-18 00:50:13
"We’re flying to Delhi on Tuesday July 01, 2025 at 4:57 AM.",2025-07-01 04:57:13
"We’re flying to Delhi on Tuesday July 22, 2025 at 7:43 AM.",2025-07-22 07:43:13
"I’ll see you at Tuesday June 17, 2025 at 9:14 AM.",2025-06-17 09:14:13
"We’re flying to Delhi on Wednesday July 16, 2025 at 10:56 PM.",2025-07-16 22:56:13
"We’re flying to Delhi on Monday June 02, 2025 at 4:51 PM.",2025-06-02 16:51:13
"Let’s have dinner on Monday June 16, 2025 at 11:40 PM.",2025-06-16 23:40:13
"The class begins at Wednesday July 23, 2025 at 7:52 AM.",2025-07-23 07:52:13
"We’re flying to Delhi on Monday June 16, 2025 at 4:25 PM.",2025-06-16 16:25:13
"The event starts at Monday June 02, 2025 at 8:32 AM.",2025-06-02 08:32:13
"There’s a match at Thursday June 19, 2025 at 1:20 PM.",2025-06-19 13:20:13
"The deadline is Thursday June 12, 2025 at 5:13 PM.",2025-06-12 17:13:13
"We’re flying to Delhi on Tuesday June 10, 2025 at 10:22 AM.",2025-06-10 10:22:13
"I’ll see you at Friday June 27, 2025 at 3:52 PM.",2025-06-27 15:52:13
"The meeting is scheduled for Thursday July 24, 2025 at 8:11 AM.",2025-07-24 08:11:13
"I’ll see you at Sunday June 01, 2025 at 5:11 PM.",2025-06-01 17:11:13
"The meeting is scheduled for Wednesday June 25, 2025 at 3:50 AM.",2025-06-25 03:50:13
"The deadline is Thursday June 19, 2025 at 10:54 PM.",2025-06-19 22:54:13
"The meeting is scheduled for Thursday July 03, 2025 at 1:33 PM.",2025-07-03 13:33:13
"Our appointment is on Sunday July 20, 2025 at 3:38 AM.",2025-07-20 03:38:13
"We’re flying to Delhi on Tuesday June 03, 2025 at 2:10 AM.",2025-06-03 02:10:13
"The class begins at Tuesday July 29, 2025 at 12:22 AM.",2025-07-29 00:22:13
"Our appointment is on Thursday July 24, 2025 at 8:25 PM.",2025-07-24 20:25:13
"I’ll see you at Friday June 06, 2025 at 10:20 AM.",2025-06-06 10:20:13
"I’ll see you at Monday July 28, 2025 at 10:26 PM.",2025-07-28 22:26:13
"Let’s have dinner on Thursday July 31, 2025 at 8:11 AM.",2025-07-31 08:11:13
"We’re flying to Delhi on Saturday June 14, 2025 at 11:41 AM.",2025-06-14 11:41:13
"The class begins at Saturday July 12, 2025 at 8:27 AM.",2025-07-12 08:27:13
"The deadline is Sunday July 27, 2025 at 3:45 AM.",2025-07-27 03:45:13
"I have an interview on Sunday June 22, 2025 at 3:53 AM.",2025-06-22 03:53:13
"There’s a match at Saturday June 14, 2025 at 9:30 AM.",2025-06-14 09:30:13
"The deadline is Friday June 06, 2025 at 6:13 PM.",2025-06-06 18:13:13
"The deadline is Tuesday July 29, 2025 at 4:45 PM.",2025-07-29 16:45:13
"The class begins at Friday July 25, 2025 at 10:28 AM.",2025-07-25 10:28:13
"The meeting is scheduled for Friday July 25, 2025 at 11:30 AM.",2025-07-25 11:30:13
"The class begins at Thursday July 03, 2025 at 6:49 PM.",2025-07-03 18:49:13
"There’s a match at Sunday June 15, 2025 at 10:54 AM.",2025-06-15 10:54:13
"The class begins at Thursday July 24, 2025 at 8:18 PM.",2025-07-24 20:18:13
"I’ll see you at Tuesday July 29, 2025 at 5:24 PM.",2025-07-29 17:24:13
"Let’s have dinner on Saturday July 05, 2025 at 10:23 PM.",2025-07-05 22:23:13
"The event starts at Thursday June 12, 2025 at 3:37 PM.",2025-06-12 15:37:13
"We’re flying to Delhi on Tuesday June 03, 2025 at 1:09 PM.",2025-06-03 13:09:13
"The event starts at Wednesday July 02, 2025 at 1:52 AM.",2025-07-02 01:52:13
"I’ll see you at Thursday June 12, 2025 at 1:20 PM.",2025-06-12 13:20:13
"The class begins at Sunday June 08, 2025 at 3:02 AM.",2025-06-08 03:02:13
"We’re flying to Delhi on Thursday June 26, 2025 at 8:51 PM.",2025-06-26 20:51:13
"We’re flying to Delhi on Wednesday June 11, 2025 at 4:27 AM.",2025-06-11 04:27:13
"I’ll see you at Monday June 16, 2025 at 6:12 AM.",2025-06-16 06:12:13
"Let’s have dinner on Monday July 21, 2025 at 5:56 AM.",2025-07-21 05:56:13
"Let’s have dinner on Tuesday June 24, 2025 at 9:11 AM.",2025-06-24 09:11:13
"Let’s have dinner on Saturday June 14, 2025 at 12:43 PM.",2025-06-14 12:43:13
"Let’s have dinner on Thursday July 17, 2025 at 11:34 PM.",2025-07-17 23:34:13
"I have an interview on Monday June 30, 2025 at 11:15 PM.",2025-06-30 23:15:13
"There’s a match at Tuesday July 22, 2025 at 9:46 AM.",2025-07-22 09:46:13
"I’ll see you at Saturday June 07, 2025 at 3:21 PM.",2025-06-07 15:21:13
"The deadline is Thursday July 10, 2025 at 10:18 PM.",2025-07-10 22:18:13
"The event starts at Tuesday June 24, 2025 at 2:22 PM.",2025-06-24 14:22:13
"The meeting is scheduled for Saturday July 12, 2025 at 9:21 AM.",2025-07-12 09:21:13
"Let’s have dinner on Sunday June 01, 2025 at 10:37 PM.",2025-06-01 22:37:13
"Let’s have dinner on Saturday July 05, 2025 at 1:21 AM.",2025-07-05 01:21:13
"I have an interview on Saturday June 07, 2025 at 4:48 PM.",2025-06-07 16:48:13
"We’re flying to Delhi on Thursday July 24, 2025 at 3:26 PM.",2025-07-24 15:26:13
"The deadline is Saturday July 26, 2025 at 11:14 PM.",2025-07-26 23:14:13
"The deadline is Tuesday June 10, 2025 at 10:02 AM.",2025-06-10 10:02:13
"We’re flying to Delhi on Saturday May 31, 2025 at 3:54 PM.",2025-05-31 15:54:13
"The event starts at Thursday July 31, 2025 at 2:14 AM.",2025-07-31 02:14:13
"There’s a match at Wednesday June 04, 2025 at 2:40 AM.",2025-06-04 02:40:13
"I’ll see you at Friday July 11, 2025 at 2:03 AM.",2025-07-11 02:03:13
"The meeting is scheduled for Thursday July 17, 2025 at 4:23 AM.",2025-07-17 04:23:13
"Let’s have dinner on Friday July 11, 2025 at 5:16 PM.",2025-07-11 17:16:13
"I’ll see you at Saturday July 26, 2025 at 8:23 PM.",2025-07-26 20:23:13
"There’s a match at Monday July 28, 2025 at 6:51 PM.",2025-07-28 18:51:13
"There’s a match at Saturday May 31, 2025 at 3:04 PM.",2025-05-31 15:04:13
"There’s a match at Tuesday June 17, 2025 at 7:43 PM.",2025-06-17 19:43:13
"The deadline is Tuesday July 29, 2025 at 12:34 AM.",2025-07-29 00:34:13
"I’ll see you at Saturday June 14, 2025 at 12:14 PM.",2025-06-14 12:14:13
"I have an interview on Friday June 27, 2025 at 5:54 AM.",2025-06-27 05:54:13
"There’s a match at Wednesday June 18, 2025 at 11:24 AM.",2025-06-18 11:24:13
"I have an interview on Tuesday June 10, 2025 at 7:00 AM.",2025-06-10 07:00:13
"I have an interview on Wednesday July 02, 2025 at 12:12 PM.",2025-07-02 12:12:13
"The deadline is Sunday July 13, 2025 at 10:43 AM.",2025-07-13 10:43:13
"There’s a match at Sunday July 13, 2025 at 9:27 AM.",2025-07-13 09:27:13
"There’s a match at Wednesday July 23, 2025 at 11:41 PM.",2025-07-23 23:41:13
"Our appointment is on Tuesday June 10, 2025 at 1:09 PM.",2025-06-10 13:09:13
"I’ll see you at Sunday July 06, 2025 at 2:50 PM.",2025-07-06 14:50:13
"The class begins at Tuesday July 08, 2025 at 10:56 PM.",2025-07-08 22:56:13
"There’s a match at Tuesday July 08, 2025 at 7:50 AM.",2025-07-08 07:50:13
"We’re flying to Delhi on Tuesday July 22, 2025 at 2:19 AM.",2025-07-22 02:19:13
"The event starts at Sunday July 20, 2025 at 6:53 AM.",2025-07-20 06:53:13
"The event starts at Sunday July 06, 2025 at 6:07 AM.",2025-07-06 06:07:13
"Our appointment is on Sunday June 08, 2025 at 1:59 PM.",2025-06-08 13:59:13
"The event starts at Monday July 14, 2025 at 3:38 AM.",2025-07-14 03:38:13
"The class begins at Monday June 16, 2025 at 12:46 AM.",2025-06-16 00:46:13
"Our appointment is on Tuesday July 01, 2025 at 5:42 PM.",2025-07-01 17:42:13
"The deadline is Tuesday July 01, 2025 at 1:07 AM.",2025-07-01 01:07:13
"The deadline is Thursday June 12, 2025 at 2:53 AM.",2025-06-12 02:53:13
"Our appointment is on Sunday July 06, 2025 at 8:58 AM.",2025-07-06 08:58:13
"We’re flying to Delhi on Wednesday July 23, 2025 at 1:05 PM.",2025-07-23 13:05:13
"The deadline is Wednesday June 18, 2025 at 3:17 AM.",2025-06-18 03:17:13
"I have an interview on Tuesday June 17, 2025 at 5:23 AM.",2025-06-17 05:23:13
"I’ll see you at Sunday June 01, 2025 at 7:06 AM.",2025-06-01 07:06:13
"The deadline is Friday June 06, 2025 at 10:28 PM.",2025-06-06 22:28:13
"The deadline is Monday July 07, 2025 at 6:08 AM.",2025-07-07 06:08:13
"The event starts at Wednesday July 30, 2025 at 7:09 PM.",2025-07-30 19:09:13
"We’re flying to Delhi on Monday July 28, 2025 at 3:03 PM.",2025-07-28 15:03:13
"The meeting is scheduled for Sunday July 13, 2025 at 8:10 PM.",2025-07-13 20:10:13
"I have an interview on Friday June 13, 2025 at 2:51 AM.",2025-06-13 02:51:13
"The event starts at Wednesday June 18, 2025 at 5:45 PM.",2025-06-18 17:45:13
"The meeting is scheduled for Wednesday June 11, 2025 at 5:13 PM.",2025-06-11 17:13:13
"Our appointment is on Tuesday June 24, 2025 at 3:57 PM.",2025-06-24 15:57:13
"There’s a match at Saturday July 05, 2025 at 8:20 AM.",2025-07-05 08:20:13
"The deadline is Friday July 04, 2025 at 2:56 PM.",2025-07-04 14:56:13
"I have an interview on Tuesday July 22, 2025 at 6:46 PM.",2025-07-22 18:46:13
"The event starts at Saturday July 19, 2025 at 5:41 PM.",2025-07-19 17:41:13
"Let’s have dinner on Thursday July 10, 2025 at 8:13 PM.",2025-07-10 20:13:13
"Let’s have dinner on Sunday June 29, 2025 at 6:58 AM.",2025-06-29 06:58:13
"We’re flying to Delhi on Wednesday July 02, 2025 at 6:46 AM.",2025-07-02 06:46:13
"I’ll see you at Saturday July 05, 2025 at 3:39 AM.",2025-07-05 03:39:13
"The class begins at Monday June 23, 2025 at 12:53 AM.",2025-06-23 00:53:13
"The deadline is Thursday July 24, 2025 at 2:04 AM.",2025-07-24 02:04:13
"I’ll see you at Monday June 09, 2025 at 7:34 AM.",2025-06-09 07:34:13
"The class begins at Saturday May 31, 2025 at 5:39 PM.",2025-05-31 17:39:13
"Let’s have dinner on Wednesday June 25, 2025 at 6:31 AM.",2025-06-25 06:31:13
"Let’s have dinner on Sunday June 01, 2025 at 12:29 AM.",2025-06-01 00:29:13
"There’s a match at Tuesday June 03, 2025 at 1:04 PM.",2025-06-03 13:04:13
"Let’s have dinner on Thursday July 31, 2025 at 3:46 AM.",2025-07-31 03:46:13
"The deadline is Tuesday June 10, 2025 at 4:36 PM.",2025-06-10 16:36:13
"The meeting is scheduled for Sunday June 22, 2025 at 10:27 PM.",2025-06-22 22:27:13
"The meeting is scheduled for Monday June 30, 2025 at 10:15 AM.",2025-06-30 10:15:13
"Let’s have dinner on Wednesday July 23, 2025 at 3:04 PM.",2025-07-23 15:04:13
"There’s a match at Monday July 21, 2025 at 9:01 AM.",2025-07-21 09:01:13
"We’re flying to Delhi on Sunday June 15, 2025 at 11:52 PM.",2025-06-15 23:52:13
"The deadline is Monday July 07, 2025 at 12:24 AM.",2025-07-07 00:24:13
"The event starts at Wednesday July 09, 2025 at 10:31 AM.",2025-07-09 10:31:13
"The deadline is Friday June 27, 2025 at 4:03 PM.",2025-06-27 16:03:13
"The deadline is Friday July 25, 2025 at 6:57 AM.",2025-07-25 06:57:13
We might go to the beach around midnight.,midnight
Can we meet next Sunday morning?,Sunday morning
We might go to the beach around midnight.,midnight
Let’s do the call later afternoon.,afternoon
Let’s do the call later night.,night
Let’s do the call later afternoon.,afternoon
She left early in the evening.,evening
Let’s catch up this morning.,morning
Can we meet next Monday evening?,Monday evening
Let’s catch up this night.,night
Let’s catch up this night.,night
We might go to the beach around dawn.,dawn
Let’s do the call later evening.,evening
Let’s do the call later morning.,morning
Can we meet next Tuesday morning?,Tuesday morning
She left early in the night.,night
Can we meet next Monday morning?,Monday morning
Let’s do the call later morning.,morning
She left early in the morning.,morning
We might go to the beach around noon.,noon
She left early in the night.,night
Let’s catch up this morning.,morning
We might go to the beach around dawn.,dawn
We might go to the beach around dusk.,dusk
Can we meet next Saturday night?,Saturday night
Let’s catch up this evening.,evening
She left early in the afternoon.,afternoon
Let’s catch up this morning.,morning
Let’s do the call later evening.,evening
We might go to the beach around dusk.,dusk
We might go to the beach around noon.,noon
Can we meet next Wednesday night?,Wednesday night
We might go to the beach around noon.,noon
Can we meet next Saturday evening?,Saturday evening
Can we meet next Tuesday afternoon?,Tuesday afternoon
Let’s do the call later afternoon.,afternoon
Let’s catch up this morning.,morning
She left early in the evening.,evening
Let’s catch up this morning.,morning
Can we meet next Tuesday night?,Tuesday night
Let’s catch up this night.,night
Let’s do the call later evening.,evening
Let’s do the call later night.,night
We might go to the beach around noon.,noon
Let’s catch up this evening.,evening
We might go to the beach around dusk.,dusk
Let’s do the call later afternoon.,afternoon
Can we meet next Saturday night?,Saturday night
Let’s catch up this night.,night
Let’s do the call later night.,night
She left early in the night.,night
Let’s catch up this afternoon.,afternoon
We might go to the beach around dusk.,dusk
We might go to the beach around midnight.,midnight
She left early in the evening.,evening
Let’s catch up this evening.,evening
Can we meet next Thursday night?,Thursday night
Let’s catch up this evening.,evening
Can we meet next Monday morning?,Monday morning
She left early in the morning.,morning
We might go to the beach around dusk.,dusk
She left early in the afternoon.,afternoon
Can we meet next Sunday night?,Sunday night
Let’s do the call later afternoon.,afternoon
We might go to the beach around dawn.,dawn
Let’s catch up this night.,night
She left early in the evening.,evening
She left early in the morning.,morning
We might go to the beach around dusk.,dusk
Can we meet next Sunday night?,Sunday night
Let’s catch up this evening.,evening
We might go to the beach around dawn.,dawn
We might go to the beach around dusk.,dusk
Let’s do the call later morning.,morning
Let’s catch up this afternoon.,afternoon
We might go to the beach around dusk.,dusk
We might go to the beach around noon.,noon
Let’s do the call later night.,night
Can we meet next Monday evening?,Monday evening
Let’s do the call later afternoon.,afternoon
Let’s do the call later evening.,evening
Can we meet next Friday evening?,Friday evening
Can we meet next Friday morning?,Friday morning
Can we meet next Thursday night?,Thursday night
Can we meet next Saturday afternoon?,Saturday afternoon
Let’s do the call later afternoon.,afternoon
Let’s catch up this night.,night
Let’s do the call later evening.,evening
She left early in the afternoon.,afternoon
She left early in the evening.,evening
We might go to the beach around noon.,noon
Can we meet next Thursday night?,Thursday night
Can we meet next Sunday evening?,Sunday evening
Let’s do the call later afternoon.,afternoon
She left early in the evening.,evening
Can we meet next Friday evening?,Friday evening
She left early in the night.,night
Let’s catch up this evening.,evening
Can we meet next Monday afternoon?,Monday afternoon
Let’s catch up this evening.,evening
Let’s do the call later night.,night
We might go to the beach around dusk.,dusk
Let’s catch up this morning.,morning
Let’s do the call later morning.,morning
We might go to the beach around dawn.,dawn
She left early in the afternoon.,afternoon
We might go to the beach around dawn.,dawn
Let’s do the call later afternoon.,afternoon
Let’s do the call later evening.,evening
Let’s catch up this night.,night
She left early in the night.,night
Let’s do the call later evening.,evening
Let’s do the call later night.,night
We might go to the beach around dusk.,dusk
We might go to the beach around noon.,noon
Let’s do the call later evening.,evening
Let’s do the call later afternoon.,afternoon
Let’s do the call later evening.,evening
We might go to the beach around noon.,noon
Let’s do the call later afternoon.,afternoon
Let’s catch up this evening.,evening
Can we meet next Friday afternoon?,Friday afternoon
Can we meet next Monday afternoon?,Monday afternoon
Can we meet next Wednesday evening?,Wednesday evening
Can we meet next Monday morning?,Monday morning
Can we meet next Wednesday morning?,Wednesday morning
Let’s catch up this evening.,evening
We might go to the beach around midnight.,midnight
She left early in the afternoon.,afternoon
Let’s do the call later night.,night
She left early in the night.,night
Let’s do the call later morning.,morning
We might go to the beach around dusk.,dusk
Can we meet next Monday night?,Monday night
Can we meet next Sunday night?,Sunday night
She left early in the morning.,morning
Let’s do the call later night.,night
Can we meet next Saturday night?,Saturday night
Can we meet next Thursday evening?,Thursday evening
Can we meet next Sunday evening?,Sunday evening
Can we meet next Friday afternoon?,Friday afternoon
We might go to the beach around midnight.,midnight
We might go to the beach around dusk.,dusk
Let’s do the call later afternoon.,afternoon
Let’s do the call later evening.,evening
Let’s catch up this evening.,evening
Let’s catch up this evening.,evening
Let’s catch up this evening.,evening
She left early in the night.,night
Let’s catch up this afternoon.,afternoon
Let’s meet in two days at 5:00 PM.,in two days 5:00 PM
Let’s meet day after tomorrow at 5:45 PM.,day after tomorrow 5:45 PM
The movie starts in 37 minutes.,in 37 minutes
The exam is day after tomorrow at 3:00 PM.,day after tomorrow 3:00 PM
Let’s meet in two days at 8:45 PM.,in two days 8:45 PM
Let’s meet day after tomorrow at 4:15 PM.,day after tomorrow 4:15 PM
The movie starts in 5 minutes.,in 5 minutes
I’ll be free in the afternoon.,afternoon
I’ll be free in the night.,night
We’re planning a trip next week.,next week
Let’s meet in two days at 5:30 AM.,in two days 5:30 AM
I’ll be free in the evening.,evening
I’ll be free in the afternoon.,afternoon
The movie starts in 44 minutes.,in 44 minutes
Let’s meet tomorrow at 3:15 PM.,tomorrow 3:15 PM
The exam is in two days at 3:15 PM.,in two days 3:15 PM
The movie starts in 30 minutes.,in 30 minutes
I’ll be free in the morning.,morning
I’ll be free in the night.,night
Let’s meet day after tomorrow at 6:45 AM.,day after tomorrow 6:45 AM
Let’s meet tomorrow at 9:30 AM.,tomorrow 9:30 AM
We’re planning a trip in a few days.,in a few days
The exam is day after tomorrow at 1:45 PM.,day after tomorrow 1:45 PM
The movie starts in 38 minutes.,in 38 minutes
We’re planning a trip by this weekend.,by this weekend
We’re planning a trip next week.,next week
Let’s meet day after tomorrow at 5:00 AM.,day after tomorrow 5:00 AM
I’ll be free in the night.,night
The movie starts in 55 minutes.,in 55 minutes
The exam is tomorrow at 12:00 AM.,tomorrow 12:00 AM
We’re planning a trip in a few days.,in a few days
The exam is in two days at 6:30 PM.,in two days 6:30 PM
We’re planning a trip in a few days.,in a few days
I’ll be free in the evening.,evening
The movie starts in 9 minutes.,in 9 minutes
The exam is in two days at 2:00 AM.,in two days 2:00 AM
The movie starts in 40 minutes.,in 40 minutes
Let’s meet tomorrow at 12:30 PM.,tomorrow 12:30 PM
The movie starts in 32 minutes.,in 32 minutes
I’ll be free in the night.,night
We’re planning a trip by this weekend.,by this weekend
Let’s meet in two days at 12:15 PM.,in two days 12:15 PM
Let’s meet day after tomorrow at 9:30 PM.,day after tomorrow 9:30 PM
The exam is in two days at 12:15 PM.,in two days 12:15 PM
The movie starts in 26 minutes.,in 26 minutes
The exam is day after tomorrow at 2:30 AM.,day after tomorrow 2:30 AM
The exam is tomorrow at 2:30 AM.,tomorrow 2:30 AM
I’ll be free in the night.,night
I’ll be free in the afternoon.,afternoon
Let’s meet tomorrow at 12:45 PM.,tomorrow 12:45 PM
The movie starts in 59 minutes.,in 59 minutes
The exam is in two days at 5:15 AM.,in two days 5:15 AM
I’ll be free in the afternoon.,afternoon
Let’s meet in two days at 11:30 AM.,in two days 11:30 AM
Let’s meet tomorrow at 10:15 AM.,tomorrow 10:15 AM
The movie starts in 44 minutes.,in 44 minutes
The movie starts in 33 minutes.,in 33 minutes
The movie starts in 24 minutes.,in 24 minutes
The movie starts in 7 minutes.,in 7 minutes
We’re planning a trip by this weekend.,by this weekend
I’ll be free in the night.,night
Let’s meet in two days at 11:15 PM.,in two days 11:15 PM
The exam is in two days at 6:15 PM.,in two days 6:15 PM
Let’s meet tomorrow at 3:15 PM.,tomorrow 3:15 PM
The exam is in two days at 12:15 PM.,in two days 12:15 PM
The exam is day after tomorrow at 10:30 AM.,day after tomorrow 10:30 AM
I’ll be free in the afternoon.,afternoon
I’ll be free in the evening.,evening
The movie starts in 55 minutes.,in 55 minutes
I’ll be free in the afternoon.,afternoon
Let’s meet tomorrow at 1:00 PM.,tomorrow 1:00 PM
The exam is day after tomorrow at 1:45 PM.,day after tomorrow 1:45 PM
The movie starts in 31 minutes.,in 31 minutes
The exam is in two days at 9:30 PM.,in two days 9:30 PM
The movie starts in 19 minutes.,in 19 minutes
Let’s meet day after tomorrow at 6:45 PM.,day after tomorrow 6:45 PM
The movie starts in 45 minutes.,in 45 minutes
We’re planning a trip in a few days.,in a few days
I’ll be free in the night.,night
I’ll be free in the morning.,morning
Let’s meet tomorrow at 7:45 AM.,tomorrow 7:45 AM
The exam is tomorrow at 11:45 PM.,tomorrow 11:45 PM
I’ll be free in the morning.,morning
I’ll be free in the evening.,evening
The movie starts in 59 minutes.,in 59 minutes
I’ll be free in the evening.,evening
Let’s meet day after tomorrow at 11:45 AM.,day after tomorrow 11:45 AM
The movie starts in 53 minutes.,in 53 minutes
The movie starts in 15 minutes.,in 15 minutes
Let’s meet tomorrow at 12:45 AM.,tomorrow 12:45 AM
We’re planning a trip by this weekend.,by this weekend
The movie starts in 60 minutes.,in 60 minutes
Let’s meet in two days at 3:15 PM.,in two days 3:15 PM
The movie starts in 54 minutes.,in 54 minutes
The exam is tomorrow at 12:00 AM.,tomorrow 12:00 AM
I’ll be free in the morning.,morning
I’ll be free in the afternoon.,afternoon
I’ll be free in the morning.,morning
I’ll be free in the morning.,morning
Let’s meet day after tomorrow at 9:45 PM.,day after tomorrow 9:45 PM
I’ll be free in the night.,night
We’re planning a trip next week.,next week
The exam is tomorrow at 8:45 PM.,tomorrow 8:45 PM
The movie starts in 59 minutes.,in 59 minutes
Let’s meet tomorrow at 12:30 PM.,tomorrow 12:30 PM
I’ll be free in the night.,night
I’ll be free in the afternoon.,afternoon
The movie starts in 48 minutes.,in 48 minutes
The movie starts in 36 minutes.,in 36 minutes
Let’s meet day after tomorrow at 6:00 PM.,day after tomorrow 6:00 PM
The movie starts in 30 minutes.,in 30 minutes
I’ll be free in the morning.,morning
The exam is in two days at 12:45 PM.,in two days 12:45 PM
The exam is day after tomorrow at 7:30 PM.,day after tomorrow 7:30 PM
I’ll be free in the night.,night
Let’s meet in two days at 8:00 AM.,in two days 8:00 AM
We’re planning a trip next week.,next week
I’ll be free in the afternoon.,afternoon
I’ll be free in the night.,night
Let’s meet tomorrow at 5:15 AM.,tomorrow 5:15 AM
The exam is tomorrow at 11:15 AM.,tomorrow 11:15 AM
I’ll be free in the evening.,evening
We’re planning a trip in a few days.,in a few days
We’re planning a trip next week.,next week
The movie starts in 14 minutes.,in 14 minutes
I’ll be free in the morning.,morning
I’ll be free in the morning.,morning
Let’s meet in two days at 7:15 PM.,in two days 7:15 PM
Let’s meet tomorrow at 12:15 PM.,tomorrow 12:15 PM
I’ll be free in the afternoon.,afternoon
The exam is day after tomorrow at 4:15 AM.,day after tomorrow 4:15 AM
The movie starts in 48 minutes.,in 48 minutes
The movie starts in 34 minutes.,in 34 minutes
Let’s meet in two days at 10:15 AM.,in two days 10:15 AM
The movie starts in 11 minutes.,in 11 minutes
Let’s meet tomorrow at 9:15 AM.,tomorrow 9:15 AM
The exam is in two days at 12:30 PM.,in two days 12:30 PM
The exam is tomorrow at 1:30 PM.,tomorrow 1:30 PM
The exam is in two days at 11:00 AM.,in two days 11:00 AM
The exam is in two days at 12:15 AM.,in two days 12:15 AM
Let’s meet tomorrow at 6:30 PM.,tomorrow 6:30 PM
Let’s meet in two days at 12:15 AM.,in two days 12:15 AM
I’ll be free in the evening.,evening
The movie starts in 31 minutes.,in 31 minutes
Let’s meet day after tomorrow at 10:00 PM.,day after tomorrow 10:00 PM
We’re planning a trip next week.,next week
I’ll be free in the evening.,evening
Let’s meet tomorrow at 12:45 PM.,tomorrow 12:45 PM
I’ll be free in the morning.,morning
Let’s meet tomorrow at 6:30 AM.,tomorrow 6:30 AM
